{
  "status": "success",
  "timestamp": "2025-10-11T15:51:33.977361",
  "samples_used": 12,
  "train_samples": 9,
  "val_samples": 3,
  "epochs": 20,
  "batch_size": 16,
  "learning_rate": 0.001,
  "device": "cpu",
  "vocab_size": 35,
  "final_train_loss": 3.222440481185913,
  "final_val_loss": 3.1588656902313232,
  "final_val_accuracy": 0.0,
  "best_val_accuracy": 0.0,
  "model_path": "models\\ocr_weights\\latest_model.pth",
  "history_summary": {
    "train_loss": [
      17.2261905670166,
      15.102511405944824,
      9.253130912780762,
      3.967193841934204,
      4.000782012939453,
      3.887982130050659,
      3.6467666625976562,
      3.6555891036987305,
      3.6111819744110107,
      3.465937376022339,
      3.3667287826538086,
      3.3679039478302,
      3.404829263687134,
      3.402111768722534,
      3.3754689693450928,
      3.360053300857544,
      3.3221518993377686,
      3.283184289932251,
      3.254302978515625,
      3.222440481185913
    ],
    "val_loss": [
      15.996813774108887,
      11.33687973022461,
      4.3533501625061035,
      4.056454181671143,
      3.93830943107605,
      3.6636266708374023,
      3.656358480453491,
      3.6033756732940674,
      3.4560766220092773,
      3.3590495586395264,
      3.3716347217559814,
      3.4106433391571045,
      3.38114070892334,
      3.3517215251922607,
      3.332859992980957,
      3.2979249954223633,
      3.248002052307129,
      3.2327053546905518,
      3.1796436309814453,
      3.1588656902313232
    ],
    "val_accuracy": [
      0.0,
      0.0,
      0.0,
      0.0,
      0.0,
      0.0,
      0.0,
      0.0,
      0.0,
      0.0,
      0.0,
      0.0,
      0.0,
      0.0,
      0.0,
      0.0,
      0.0,
      0.0,
      0.0,
      0.0
    ]
  }
}